best_profit	one_std_profit
114116.42272095763	75228.48464830787
